{"_runtime":7.317746,"_step":99,"_wandb":{"runtime":7},"epoch":100,"Train Loss":1.2428617819620194,"Test Loss":1.4563531141728163,"_timestamp":1.749405828257329e+09}