{"_step":99,"_wandb":{"runtime":3},"epoch":100,"Train Loss":0.8731247367943433,"Test Loss":0.7105662417015992,"_timestamp":1.74896645419361e+09,"_runtime":3.5356680000000003}