{"_wandb":{"runtime":12},"Train Loss":27.940713863689453,"Test Loss":21.6427049630632,"_timestamp":1.7493561969664152e+09,"_runtime":12.657564,"_step":99,"epoch":100}