{"_wandb":{"runtime":25},"Train Loss":12.44812688574195,"Test Loss":10.86328113724788,"_timestamp":1.7493589081938272e+09,"_runtime":25.242409,"_step":64,"epoch":65}