{"epoch":75,"Train Loss":12.420942646861077,"Test Loss":10.827228638529778,"_timestamp":1.7493579411757162e+09,"_runtime":21.4491,"_step":74,"_wandb":{"runtime":21}}