{"_wandb":{"runtime":393},"Episode":299,"Total Reward":10,"Average Loss":3.8646094650030136,"_timestamp":1.739402579610602e+09,"_runtime":393.101071,"_step":299}