{"_step":99,"epoch":100,"Train Loss":224.4,"Test Loss":259,"_timestamp":1.748965872794471e+09,"_wandb":{"runtime":3},"_runtime":3.3751189999999998}