{"Episode":299,"Total Reward":9,"Average Loss":4.436444386839867,"_timestamp":1.7394021451930518e+09,"_runtime":11.008449,"_step":299,"_wandb":{"runtime":11}}