{"Train Loss":0.00208273292369995,"Test Loss":0.0005021890867889548,"_timestamp":1.748960092960617e+09,"_runtime":3.341768,"_step":99,"_wandb":{"runtime":3},"epoch":100}