{"epoch":100,"Train Loss":1.0485728858562653,"_wandb":{"runtime":3},"Test Loss":1.4305015166600545,"_timestamp":1.748965840120207e+09,"_runtime":3.3716340000000002,"_step":99}