{"_step":39,"_wandb":{"runtime":33},"epoch":40,"Train Loss":12.435898523032666,"Test Loss":11.051116166512172,"_timestamp":1.749359424045326e+09,"_runtime":33.085169}