{"Train Loss":0.0011922519672225463,"Test Loss":0.004688861981655161,"_timestamp":1.748960005973033e+09,"_runtime":3.492913,"_wandb":{"runtime":3},"_step":99,"epoch":100}