{"_wandb":{"runtime":26},"_runtime":26.017365,"_step":30,"epoch":31,"Train Loss":12.542259888872504,"Test Loss":11.714909614125888,"_timestamp":1.749359059118083e+09}