{"_timestamp":1.749358968722611e+09,"_runtime":31.715446,"_step":37,"_wandb":{"runtime":31},"epoch":38,"Train Loss":12.431361935138703,"Test Loss":11.055605985720952}