{"_wandb":{"runtime":8},"_runtime":8.09294,"_step":99,"epoch":100,"Train Loss":12.427296590358019,"Test Loss":10.868186398347218,"_timestamp":1.7494057389490612e+09}