{"Train Loss":0.9607932518445886,"Test Loss":1.0435052750321725,"_timestamp":1.748965893714438e+09,"_wandb":{"runtime":3},"_runtime":3.310886,"_step":99,"epoch":100}