{"_timestamp":1.74935625074821e+09,"_runtime":12.02963,"_step":98,"_wandb":{"runtime":12},"epoch":99,"Train Loss":27.965980456564576,"Test Loss":21.80467095176379}