{"_timestamp":1.748960395662343e+09,"_runtime":3.44781,"_step":99,"epoch":100,"Train Loss":0.041069383001922685,"_wandb":{"runtime":3},"Test Loss":0.0006122587064358716}