{"_step":99,"_wandb":{"runtime":3},"epoch":100,"Train Loss":0.0008356932916922233,"Test Loss":0.005836380599066615,"_timestamp":1.7493562760289972e+09,"_runtime":3.928457}