{"_timestamp":1.7489598085727081e+09,"_runtime":3.452692,"_step":99,"epoch":100,"Train Loss":0.0004185466452690889,"_wandb":{"runtime":3},"Test Loss":2.7016038469203826e-05}