{"epoch":76,"_wandb":{"runtime":20},"Train Loss":12.430026679188012,"Test Loss":10.885216464102268,"_timestamp":1.749358021399091e+09,"_runtime":20.362641,"_step":75}