{"_runtime":2.7183070000000003,"_step":68,"epoch":69,"Train Loss":358.42,"Test Loss":409.9,"_timestamp":1.749356269480969e+09,"_wandb":{"runtime":2}}