{"_timestamp":1.748966478273791e+09,"_runtime":3.535807,"_step":99,"epoch":100,"_wandb":{"runtime":3},"Train Loss":1.0400898375788257,"Test Loss":0.9456865592238803}