{"_timestamp":1.7489600852563682e+09,"_runtime":3.506883,"_wandb":{"runtime":3},"_step":99,"epoch":100,"Train Loss":358.42,"Test Loss":409.9}