{"_timestamp":1.7394002828376188e+09,"_runtime":55.770903,"_step":149,"Episode":149,"Total Reward":9,"_wandb":{"runtime":55},"Average Loss":4.754326954483986}