{"epoch":100,"Train Loss":1.4949690544306942,"Test Loss":3.467096092691645,"_timestamp":1.74940586980668e+09,"_runtime":8.124083,"_step":99,"_wandb":{"runtime":8}}