{"epoch":100,"Train Loss":12.43258011892438,"_wandb":{"runtime":6},"Test Loss":10.96580361475547,"_timestamp":1.748967087302055e+09,"_runtime":6.438555,"_step":99}