{"Total Reward":6,"Average Loss":4.496297910809517,"_timestamp":1.739402001884728e+09,"_runtime":161.944216,"_step":299,"_wandb":{"runtime":161},"Episode":299}