{"epoch":100,"Train Loss":12.423642300963401,"_wandb":{"runtime":78},"Test Loss":10.940166008472442,"_timestamp":1.7493591592079701e+09,"_runtime":78.470663,"_step":99}