{"_timestamp":1.748965815765627e+09,"_runtime":3.5032550000000002,"_step":99,"_wandb":{"runtime":3},"epoch":100,"Train Loss":1.0863574455870548,"Test Loss":0.8717710550207812}