{"_timestamp":1.7394018339204211e+09,"_runtime":23.967371,"_wandb":{"runtime":24},"_step":53,"Episode":53,"Total Reward":6,"Average Loss":3.9590789824724197}