{"_wandb":{"runtime":10},"epoch":100,"Train Loss":27.932673613093794,"Test Loss":21.669042936960857,"_timestamp":1.74896061020519e+09,"_runtime":10.241419,"_step":99}