{"_runtime":3.69258,"_wandb":{"runtime":3},"_step":99,"epoch":100,"Train Loss":0.9816167095152195,"Test Loss":0.8245810170968374,"_timestamp":1.7489657516705139e+09}