{"_wandb":{"runtime":3},"_runtime":3.526236,"_step":99,"epoch":100,"Train Loss":358.42,"Test Loss":409.9,"_timestamp":1.7489598576352088e+09}