{"Average Loss":6.836955972015858,"_timestamp":1.7394002187524061e+09,"_runtime":63.674526,"_step":77,"_wandb":{"runtime":65},"Episode":77,"Total Reward":9}