{"_step":99,"_wandb":{"runtime":3},"epoch":100,"Train Loss":1.2154660560237245,"Test Loss":1.1928428244932243,"_timestamp":1.7489657637328892e+09,"_runtime":3.299559}