{"_runtime":12.482821,"_step":99,"_wandb":{"runtime":12},"epoch":100,"Train Loss":27.948234018888325,"Test Loss":21.70789387834569,"_timestamp":1.749356234836832e+09}