{"_wandb":{"runtime":3},"_runtime":3.392199,"_step":99,"epoch":100,"Train Loss":0,"Test Loss":0,"_timestamp":1.7489598647119339e+09}