{"_wandb":{"runtime":3},"epoch":100,"Train Loss":2.3778525337547764e-05,"Test Loss":1.6528188401328711e-06,"_timestamp":1.749356152886432e+09,"_runtime":3.575351,"_step":99}