{"_step":149,"Episode":149,"Total Reward":6,"_wandb":{"runtime":71},"Average Loss":3.687150940299034,"_timestamp":1.739401627968823e+09,"_runtime":71.206475}