{"_timestamp":1.748965924435939e+09,"_runtime":3.380222,"_step":99,"epoch":100,"Train Loss":3.320465313890963e-05,"Test Loss":4.809673434162202e-06,"_wandb":{"runtime":3}}