{"_runtime":3.542503,"_wandb":{"runtime":3},"_step":99,"epoch":100,"Train Loss":9.829366263147677e-09,"Test Loss":4.168517383125921e-11,"_timestamp":1.7489605919795861e+09}